{
  "project_info": {
    "project_number": "1098626205150",
    "firebase_url": "https://loginwithauthentication-bea37-default-rtdb.firebaseio.com",
    "project_id": "loginwithauthentication-bea37",
    "storage_bucket": "loginwithauthentication-bea37.appspot.com"
  },
  "client": [
    {
      "client_info": {
        "mobilesdk_app_id": "1:1098626205150:android:afb881c289b5646ad0494f",
        "android_client_info": {
          "package_name": "com.example.googlemap_task2"
        }
      },
      "oauth_client": [
        {
          "client_id": "1098626205150-6olq1kuk0o8qa57dht4lgalrkif8vhn1.apps.googleusercontent.com",
          "client_type": 3
        }
      ],
      "api_key": [
        {
          "current_key": "AIzaSyC8I26f0WGNkmUTBnos6RjkSm3tziW-mP8"
        }
      ],
      "services": {
        "appinvite_service": {
          "other_platform_oauth_client": [
            {
              "client_id": "1098626205150-6olq1kuk0o8qa57dht4lgalrkif8vhn1.apps.googleusercontent.com",
              "client_type": 3
            }
          ]
        }
      }
    },
    {
      "client_info": {
        "mobilesdk_app_id": "1:1098626205150:android:5f0946b2ba888e44d0494f",
        "android_client_info": {
          "package_name": "com.objectcollection.loginwithauthentication"
        }
      },
      "oauth_client": [
        {
          "client_id": "1098626205150-6olq1kuk0o8qa57dht4lgalrkif8vhn1.apps.googleusercontent.com",
          "client_type": 3
        }
      ],
      "api_key": [
        {
          "current_key": "AIzaSyC8I26f0WGNkmUTBnos6RjkSm3tziW-mP8"
        }
      ],
      "services": {
        "appinvite_service": {
          "other_platform_oauth_client": [
            {
              "client_id": "1098626205150-6olq1kuk0o8qa57dht4lgalrkif8vhn1.apps.googleusercontent.com",
              "client_type": 3
            }
          ]
        }
      }
    }
  ],
  "configuration_version": "1"
}